{
  "dataset": "Max",
  "geo_file": "$MEGALIB/resource/examples/geomega/special/Max.geo.setup",
  "sim_file": "data/Max.sim",
  "tra_file": "data/Max.tra",
  "selection": {
    "rho_floor_1": 0.23999999976,
    "rho_floor_2": 3.265624996734375,
    "rho_floor_3": 1.7918367329020408,
    "joint_smoothing": 0.5,
    "marginal_smoothing": 0.0,
    "selection_accepted": false,
    "cv_auc": 0.9890301010595257,
    "threshold_offset": 0.0,
    "threshold_moved": false
  },
  "train": {
    "tp": 2338,
    "fp": 543,
    "fn": 72,
    "tn": 23422,
    "excluded": 0,
    "precision": 0.8115237764665046,
    "recall": 0.9701244813278008,
    "fpr": 0.02265804297934488,
    "f1_score": 0.8837648837648837,
    "best_f1": 0.8860465116279069,
    "auc": 0.9941305136380596
  },
  "eval": {
    "tp": 583,
    "fp": 118,
    "fn": 21,
    "tn": 5874,
    "excluded": 0,
    "precision": 0.8316690442225392,
    "recall": 0.9652317880794702,
    "fpr": 0.019692923898531375,
    "f1_score": 0.893486590038314,
    "best_f1": 0.8907435508345979,
    "auc": 0.9912134501631314
  }
}