{
  "dataset": "GeACT",
  "geo_file": "$MEGALIB/resource/examples/geomega/special/GeACT.geo.setup",
  "sim_file": "data/GeACT.sim",
  "tra_file": "data/GeACT.tra",
  "selection": {
    "rho_floor_1": 0.11999999988,
    "rho_floor_2": 1.9843749980156251,
    "rho_floor_3": 2.903673466484082,
    "joint_smoothing": 0.5,
    "marginal_smoothing": 0.0,
    "selection_accepted": false,
    "cv_auc": 0.9845516954902596,
    "threshold_offset": 0.0,
    "threshold_moved": false
  },
  "train": {
    "tp": 3572,
    "fp": 953,
    "fn": 115,
    "tn": 26251,
    "excluded": 0,
    "precision": 0.7893922651933701,
    "recall": 0.9688093300786548,
    "fpr": 0.03503161299808852,
    "f1_score": 0.8699464198733561,
    "best_f1": 0.8702722680793397,
    "auc": 0.990241921258967
  },
  "eval": {
    "tp": 879,
    "fp": 255,
    "fn": 44,
    "tn": 6549,
    "excluded": 0,
    "precision": 0.7751322751322751,
    "recall": 0.952329360780065,
    "fpr": 0.03747795414462081,
    "f1_score": 0.8546426835196889,
    "best_f1": 0.8547838756677999,
    "auc": 0.9842239572286521
  }
}