{
  "dataset": "COSI_Balloon",
  "geo_file": "$MEGALIB/resource/examples/geomega/cosiballoon/COSIBalloon.12Detector.geo.setup",
  "sim_file": "data/COSI_Balloon.sim",
  "tra_file": "data/COSI_Balloon.tra",
  "selection": {
    "rho_floor_1": 0.31999999968000004,
    "rho_floor_2": 0.890624999109375,
    "rho_floor_3": 0.022857142834285714,
    "joint_smoothing": 0.5,
    "marginal_smoothing": 0.0,
    "selection_accepted": false,
    "cv_auc": 0.9941232668068428,
    "threshold_offset": -1.6205153465270996,
    "threshold_moved": true
  },
  "train": {
    "tp": 59,
    "fp": 53,
    "fn": 34,
    "tn": 69619,
    "excluded": 0,
    "precision": 0.5267857142857143,
    "recall": 0.6344086021505376,
    "fpr": 0.0007607073142725916,
    "f1_score": 0.575609756097561,
    "best_f1": 0.35260115606936415,
    "auc": 0.9966607742330577
  },
  "eval": {
    "tp": 9,
    "fp": 32,
    "fn": 16,
    "tn": 17388,
    "excluded": 0,
    "precision": 0.21951219512195122,
    "recall": 0.36,
    "fpr": 0.0018369690011481056,
    "f1_score": 0.27272727272727276,
    "best_f1": 0.19138755980861244,
    "auc": 0.9790229621125144
  }
}